<?xml version="1.0" encoding="UTF-8"?>
<api context="/default" name="LoansInquiry" version="1.0.0" version-type="context" xmlns="http://ws.apache.org/ns/synapse">
    <resource methods="POST" url-mapping="/createESaverCustomer">
        <inSequence>
            <property action="remove" name="REST_URL_POSTFIX" scope="axis2"/>
            <payloadFactory media-type="xml" template-type="freemarker">
                <format><![CDATA[<soapenv:Envelope xmlns:soapenv="http://www.w3.org/2003/05/soap-envelope">
<soapenv:Header/>
<soapenv:Body>
<web:createESaverCustomer xmlns:web="http://spi.customer.app.fcr.iflex.com"><sessionContext><bankCode>${payload.createESaverCustomer.sessionContext.bankCode}</bankCode><channel>${payload.createESaverCustomer.sessionContext.channel}</channel><externalBatchNumber>${payload.createESaverCustomer.sessionContext.externalBatchNumber}</externalBatchNumber><externalReferenceNo>${payload.createESaverCustomer.sessionContext.externalReferenceNo}</externalReferenceNo><externalSystemAuditTrailNumber>${payload.createESaverCustomer.sessionContext.externalSystemAuditTrailNumber}</externalSystemAuditTrailNumber><localDateTimeText>${payload.createESaverCustomer.sessionContext.localDateTimeText}</localDateTimeText><originalReferenceNo>${payload.createESaverCustomer.sessionContext.originalReferenceNo}</originalReferenceNo><overridenWarnings>${payload.createESaverCustomer.sessionContext.overridenWarnings}</overridenWarnings><postingDateText>${payload.createESaverCustomer.sessionContext.postingDateText}</postingDateText><reason><comment>${payload.createESaverCustomer.sessionContext.reason.comment}</comment><reasonCode>${payload.createESaverCustomer.sessionContext.reason.reasonCode}</reasonCode></reason><serviceCode>${payload.createESaverCustomer.sessionContext.serviceCode}</serviceCode><sessionTicket>${payload.createESaverCustomer.sessionContext.sessionTicket}</sessionTicket><supervisorContext><primaryPassword>${payload.createESaverCustomer.sessionContext.supervisorContext.primaryPassword}</primaryPassword><userId>${payload.createESaverCustomer.sessionContext.supervisorContext.userId}</userId></supervisorContext><transactionBranch>${payload.createESaverCustomer.sessionContext.transactionBranch}</transactionBranch><userReferenceNumber>${payload.createESaverCustomer.sessionContext.userReferenceNumber}</userReferenceNumber><valueDateText>${payload.createESaverCustomer.sessionContext.valueDateText}</valueDateText></sessionContext><customerDataDTO><birthDate>${payload.createESaverCustomer.customerDataDTO.birthDate}</birthDate><category>${payload.createESaverCustomer.customerDataDTO.category}</category><countryOfRes>${payload.createESaverCustomer.customerDataDTO.countryOfRes}</countryOfRes><customerMIS><barclaysIndustrialClassification>${payload.createESaverCustomer.customerDataDTO.customerMIS.barclaysIndustrialClassification}</barclaysIndustrialClassification><centralBankIndustrialClassification>${payload.createESaverCustomer.customerDataDTO.customerMIS.centralBankIndustrialClassification}</centralBankIndustrialClassification><costCenter>${payload.createESaverCustomer.customerDataDTO.customerMIS.costCenter}</costCenter><customerRiskStatus>${payload.createESaverCustomer.customerDataDTO.customerMIS.customerRiskStatus}</customerRiskStatus><customerSegment>${payload.createESaverCustomer.customerDataDTO.customerMIS.customerSegment}</customerSegment><department>${payload.createESaverCustomer.customerDataDTO.customerMIS.department}</department><profitCenter>${payload.createESaverCustomer.customerDataDTO.customerMIS.profitCenter}</profitCenter><relationManagerCode>${payload.createESaverCustomer.customerDataDTO.customerMIS.relationManagerCode}</relationManagerCode></customerMIS><customerStatus>${payload.createESaverCustomer.customerDataDTO.customerStatus}</customerStatus><customerUDF><complexStructure>${payload.createESaverCustomer.customerDataDTO.customerUDF.complexStructure}</complexStructure><dispensation>${payload.createESaverCustomer.customerDataDTO.customerUDF.dispensation}</dispensation><employerName>${payload.createESaverCustomer.customerDataDTO.customerUDF.employerName}</employerName><employmentType>${payload.createESaverCustomer.customerDataDTO.customerUDF.employmentType}</employmentType><entityBranch1>${payload.createESaverCustomer.customerDataDTO.customerUDF.entityBranch1}</entityBranch1><entityLegalType>${payload.createESaverCustomer.customerDataDTO.customerUDF.entityLegalType}</entityLegalType><entityType>${payload.createESaverCustomer.customerDataDTO.customerUDF.entityType}</entityType><expTransCountry1>${payload.createESaverCustomer.customerDataDTO.customerUDF.expTransCountry1}</expTransCountry1><expTransCountry2>${payload.createESaverCustomer.customerDataDTO.customerUDF.expTransCountry2}</expTransCountry2><expTransCountry3>${payload.createESaverCustomer.customerDataDTO.customerUDF.expTransCountry3}</expTransCountry3><kycDate>${payload.createESaverCustomer.customerDataDTO.customerUDF.kycDate}</kycDate><kycProcessAdopted>${payload.createESaverCustomer.customerDataDTO.customerUDF.kycProcessAdopted}</kycProcessAdopted><kycStatus>${payload.createESaverCustomer.customerDataDTO.customerUDF.kycStatus}</kycStatus><passExpDate>${payload.createESaverCustomer.customerDataDTO.customerUDF.passExpDate}</passExpDate><passportNumber>${payload.createESaverCustomer.customerDataDTO.customerUDF.passportNumber}</passportNumber><pepAccount>${payload.createESaverCustomer.customerDataDTO.customerUDF.pepAccount}</pepAccount><resAddressLine1>${payload.createESaverCustomer.customerDataDTO.customerUDF.resAddressLine1}</resAddressLine1><resAddressLine2>${payload.createESaverCustomer.customerDataDTO.customerUDF.resAddressLine2}</resAddressLine2><resAddressLine3>${payload.createESaverCustomer.customerDataDTO.customerUDF.resAddressLine3}</resAddressLine3><resAddressLine4>${payload.createESaverCustomer.customerDataDTO.customerUDF.resAddressLine4}</resAddressLine4><residentMarker>${payload.createESaverCustomer.customerDataDTO.customerUDF.residentMarker}</residentMarker><shareholdPercentage>${payload.createESaverCustomer.customerDataDTO.customerUDF.shareholdPercentage}</shareholdPercentage><visaExpDate>${payload.createESaverCustomer.customerDataDTO.customerUDF.visaExpDate}</visaExpDate><visaNumber>${payload.createESaverCustomer.customerDataDTO.customerUDF.visaNumber}</visaNumber></customerUDF><designation>${payload.createESaverCustomer.customerDataDTO.designation}</designation><email>${payload.createESaverCustomer.customerDataDTO.email}</email><employeeID>${payload.createESaverCustomer.customerDataDTO.employeeID}</employeeID><faxNumber>${payload.createESaverCustomer.customerDataDTO.faxNumber}</faxNumber><gender>${payload.createESaverCustomer.customerDataDTO.gender}</gender><homeAddress><city>${payload.createESaverCustomer.customerDataDTO.homeAddress.city}</city><country>${payload.createESaverCustomer.customerDataDTO.homeAddress.country}</country><line1>${payload.createESaverCustomer.customerDataDTO.homeAddress.line1}</line1><line2>${payload.createESaverCustomer.customerDataDTO.homeAddress.line2}</line2><line3>${payload.createESaverCustomer.customerDataDTO.homeAddress.line3}</line3><state>${payload.createESaverCustomer.customerDataDTO.homeAddress.state}</state><zip>${payload.createESaverCustomer.customerDataDTO.homeAddress.zip}</zip></homeAddress><homeBranchCode>${payload.createESaverCustomer.customerDataDTO.homeBranchCode}</homeBranchCode><homePhone><extension>${payload.createESaverCustomer.customerDataDTO.homePhone.extension}</extension><isdCode>${payload.createESaverCustomer.customerDataDTO.homePhone.isdCode}</isdCode><number>${payload.createESaverCustomer.customerDataDTO.homePhone.number}</number><stdCode>${payload.createESaverCustomer.customerDataDTO.homePhone.stdCode}</stdCode></homePhone><incomeCategory>${payload.createESaverCustomer.customerDataDTO.incomeCategory}</incomeCategory><language>${payload.createESaverCustomer.customerDataDTO.language}</language><limitCcy>${payload.createESaverCustomer.customerDataDTO.limitCcy}</limitCcy><localGlobalType>${payload.createESaverCustomer.customerDataDTO.localGlobalType}</localGlobalType><mailingAddress/><maritalStatus>${payload.createESaverCustomer.customerDataDTO.maritalStatus}</maritalStatus><mobileNumber/><name><firstName>${payload.createESaverCustomer.customerDataDTO.name.firstName}</firstName><formattedFullName>${payload.createESaverCustomer.customerDataDTO.name.formattedFullName}</formattedFullName><fullName>${payload.createESaverCustomer.customerDataDTO.name.fullName}</fullName><lastName>${payload.createESaverCustomer.customerDataDTO.name.lastName}</lastName><midName>${payload.createESaverCustomer.customerDataDTO.name.midName}</midName><prefix>${payload.createESaverCustomer.customerDataDTO.name.prefix}</prefix><shortName>${payload.createESaverCustomer.customerDataDTO.name.shortName}</shortName></name><nationalIdentificationCode>${payload.createESaverCustomer.customerDataDTO.nationalIdentificationCode}</nationalIdentificationCode><nationality>${payload.createESaverCustomer.customerDataDTO.nationality}</nationality><officePhone/><phone/><professionCode>${payload.createESaverCustomer.customerDataDTO.professionCode}</professionCode><staff>${payload.createESaverCustomer.customerDataDTO.staff}</staff></customerDataDTO></web:createESaverCustomer></soapenv:Body>
</soapenv:Envelope>
]]></format>
                <args/>
            </payloadFactory>
            <property name="messageType" scope="axis2" type="STRING" value="application/soap+xml"/>
            <call>
                <endpoint key="LoansInquiry_SOAP_ENDPOINT"/>
            </call>
            <property name="messageType" scope="axis2" type="STRING" value="application/json"/>
            <respond/>
        </inSequence>
        <outSequence/>
        <faultSequence/>
    </resource>
    <resource methods="POST" url-mapping="/updateCustomerUDF">
        <inSequence>
            <property action="remove" name="REST_URL_POSTFIX" scope="axis2"/>
            <payloadFactory media-type="xml" template-type="freemarker">
                <format><![CDATA[<soapenv:Envelope xmlns:soapenv="http://www.w3.org/2003/05/soap-envelope">
<soapenv:Header/>
<soapenv:Body>
<web:updateCustomerUDF xmlns:web="http://spi.customer.app.fcr.iflex.com"><sessioncontext><bankCode>${payload.updateCustomerUDF.sessioncontext.bankCode}</bankCode><channel>${payload.updateCustomerUDF.sessioncontext.channel}</channel><externalBatchNumber>${payload.updateCustomerUDF.sessioncontext.externalBatchNumber}</externalBatchNumber><externalReferenceNo>${payload.updateCustomerUDF.sessioncontext.externalReferenceNo}</externalReferenceNo><externalSystemAuditTrailNumber>${payload.updateCustomerUDF.sessioncontext.externalSystemAuditTrailNumber}</externalSystemAuditTrailNumber><localDateTimeText>${payload.updateCustomerUDF.sessioncontext.localDateTimeText}</localDateTimeText><originalReferenceNo>${payload.updateCustomerUDF.sessioncontext.originalReferenceNo}</originalReferenceNo><overridenWarnings>${payload.updateCustomerUDF.sessioncontext.overridenWarnings}</overridenWarnings><postingDateText>${payload.updateCustomerUDF.sessioncontext.postingDateText}</postingDateText><reason><comment>${payload.updateCustomerUDF.sessioncontext.reason.comment}</comment><reasonCode>${payload.updateCustomerUDF.sessioncontext.reason.reasonCode}</reasonCode></reason><serviceCode>${payload.updateCustomerUDF.sessioncontext.serviceCode}</serviceCode><sessionTicket>${payload.updateCustomerUDF.sessioncontext.sessionTicket}</sessionTicket><supervisorContext><primaryPassword>${payload.updateCustomerUDF.sessioncontext.supervisorContext.primaryPassword}</primaryPassword><userId>${payload.updateCustomerUDF.sessioncontext.supervisorContext.userId}</userId></supervisorContext><transactionBranch>${payload.updateCustomerUDF.sessioncontext.transactionBranch}</transactionBranch><userReferenceNumber>${payload.updateCustomerUDF.sessioncontext.userReferenceNumber}</userReferenceNumber><valueDateText>${payload.updateCustomerUDF.sessioncontext.valueDateText}</valueDateText></sessioncontext><customerUDFLogDTO><altEmail>${payload.updateCustomerUDF.customerUDFLogDTO.altEmail}</altEmail><customerID>${payload.updateCustomerUDF.customerUDFLogDTO.customerID}</customerID><prefSent>${payload.updateCustomerUDF.customerUDFLogDTO.prefSent}</prefSent><weightedRiskScore>${payload.updateCustomerUDF.customerUDFLogDTO.weightedRiskScore}</weightedRiskScore></customerUDFLogDTO></web:updateCustomerUDF></soapenv:Body>
</soapenv:Envelope>
]]></format>
                <args/>
            </payloadFactory>
            <property name="messageType" scope="axis2" type="STRING" value="application/soap+xml"/>
            <call>
                <endpoint key="LoansInquiry_SOAP_ENDPOINT"/>
            </call>
            <property name="messageType" scope="axis2" type="STRING" value="application/json"/>
            <respond/>
        </inSequence>
        <outSequence/>
        <faultSequence/>
    </resource>
    <resource methods="POST" url-mapping="/inquire">
        <inSequence>
            <property action="remove" name="REST_URL_POSTFIX" scope="axis2"/>
            <payloadFactory media-type="xml" template-type="freemarker">
                <format><![CDATA[<soapenv:Envelope xmlns:soapenv="http://www.w3.org/2003/05/soap-envelope">
<soapenv:Header/>
<soapenv:Body>
<web:inquire xmlns:web="http://spi.customer.app.fcr.iflex.com"><sessionContext><bankCode>${payload.inquire.sessionContext.bankCode}</bankCode><channel>${payload.inquire.sessionContext.channel}</channel><externalBatchNumber>${payload.inquire.sessionContext.externalBatchNumber}</externalBatchNumber><externalReferenceNo>${payload.inquire.sessionContext.externalReferenceNo}</externalReferenceNo><externalSystemAuditTrailNumber>${payload.inquire.sessionContext.externalSystemAuditTrailNumber}</externalSystemAuditTrailNumber><localDateTimeText>${payload.inquire.sessionContext.localDateTimeText}</localDateTimeText><originalReferenceNo>${payload.inquire.sessionContext.originalReferenceNo}</originalReferenceNo><overridenWarnings>${payload.inquire.sessionContext.overridenWarnings}</overridenWarnings><postingDateText>${payload.inquire.sessionContext.postingDateText}</postingDateText><reason><comment>${payload.inquire.sessionContext.reason.comment}</comment><reasonCode>${payload.inquire.sessionContext.reason.reasonCode}</reasonCode></reason><serviceCode>${payload.inquire.sessionContext.serviceCode}</serviceCode><sessionTicket>${payload.inquire.sessionContext.sessionTicket}</sessionTicket><supervisorContext><primaryPassword>${payload.inquire.sessionContext.supervisorContext.primaryPassword}</primaryPassword><userId>${payload.inquire.sessionContext.supervisorContext.userId}</userId></supervisorContext><transactionBranch>${payload.inquire.sessionContext.transactionBranch}</transactionBranch><userReferenceNumber>${payload.inquire.sessionContext.userReferenceNumber}</userReferenceNumber><valueDateText>${payload.inquire.sessionContext.valueDateText}</valueDateText></sessionContext><customerId>${payload.inquire.customerId}</customerId></web:inquire></soapenv:Body>
</soapenv:Envelope>
]]></format>
                <args/>
            </payloadFactory>
            <property name="messageType" scope="axis2" type="STRING" value="application/soap+xml"/>
            <call>
                <endpoint key="LoansInquiry_SOAP_ENDPOINT"/>
            </call>
            <property name="messageType" scope="axis2" type="STRING" value="application/json"/>
            <respond/>
        </inSequence>
        <outSequence/>
        <faultSequence/>
    </resource>
    <resource methods="POST" url-mapping="/modifyRBACustomer">
        <inSequence>
            <property action="remove" name="REST_URL_POSTFIX" scope="axis2"/>
            <payloadFactory media-type="xml" template-type="freemarker">
                <format><![CDATA[<soapenv:Envelope xmlns:soapenv="http://www.w3.org/2003/05/soap-envelope">
<soapenv:Header/>
<soapenv:Body>
<web:modifyRBACustomer xmlns:web="http://spi.customer.app.fcr.iflex.com"><sessionContext><bankCode>${payload.modifyRBACustomer.sessionContext.bankCode}</bankCode><channel>${payload.modifyRBACustomer.sessionContext.channel}</channel><externalBatchNumber>${payload.modifyRBACustomer.sessionContext.externalBatchNumber}</externalBatchNumber><externalReferenceNo>${payload.modifyRBACustomer.sessionContext.externalReferenceNo}</externalReferenceNo><externalSystemAuditTrailNumber>${payload.modifyRBACustomer.sessionContext.externalSystemAuditTrailNumber}</externalSystemAuditTrailNumber><localDateTimeText>${payload.modifyRBACustomer.sessionContext.localDateTimeText}</localDateTimeText><originalReferenceNo>${payload.modifyRBACustomer.sessionContext.originalReferenceNo}</originalReferenceNo><overridenWarnings>${payload.modifyRBACustomer.sessionContext.overridenWarnings}</overridenWarnings><postingDateText>${payload.modifyRBACustomer.sessionContext.postingDateText}</postingDateText><reason><comment>${payload.modifyRBACustomer.sessionContext.reason.comment}</comment><reasonCode>${payload.modifyRBACustomer.sessionContext.reason.reasonCode}</reasonCode></reason><serviceCode>${payload.modifyRBACustomer.sessionContext.serviceCode}</serviceCode><sessionTicket>${payload.modifyRBACustomer.sessionContext.sessionTicket}</sessionTicket><supervisorContext><primaryPassword>${payload.modifyRBACustomer.sessionContext.supervisorContext.primaryPassword}</primaryPassword><userId>${payload.modifyRBACustomer.sessionContext.supervisorContext.userId}</userId></supervisorContext><transactionBranch>${payload.modifyRBACustomer.sessionContext.transactionBranch}</transactionBranch><userReferenceNumber>${payload.modifyRBACustomer.sessionContext.userReferenceNumber}</userReferenceNumber><valueDateText>${payload.modifyRBACustomer.sessionContext.valueDateText}</valueDateText></sessionContext><rbaCustomerMaintenanceDTO><cntCashDepTxn>${payload.modifyRBACustomer.rbaCustomerMaintenanceDTO.cntCashDepTxn}</cntCashDepTxn><cntCashWdrTxn>${payload.modifyRBACustomer.rbaCustomerMaintenanceDTO.cntCashWdrTxn}</cntCashWdrTxn><cntChqDepTxn>${payload.modifyRBACustomer.rbaCustomerMaintenanceDTO.cntChqDepTxn}</cntChqDepTxn><cntChqWdrTxn>${payload.modifyRBACustomer.rbaCustomerMaintenanceDTO.cntChqWdrTxn}</cntChqWdrTxn><cntFundsTransferDepTxn>${payload.modifyRBACustomer.rbaCustomerMaintenanceDTO.cntFundsTransferDepTxn}</cntFundsTransferDepTxn><cntFundsTransferWdrTxn>${payload.modifyRBACustomer.rbaCustomerMaintenanceDTO.cntFundsTransferWdrTxn}</cntFundsTransferWdrTxn><cntOtherInstrumentsDepTxn>${payload.modifyRBACustomer.rbaCustomerMaintenanceDTO.cntOtherInstrumentsDepTxn}</cntOtherInstrumentsDepTxn><cntOtherInstrumentsWdrTxn>${payload.modifyRBACustomer.rbaCustomerMaintenanceDTO.cntOtherInstrumentsWdrTxn}</cntOtherInstrumentsWdrTxn><codClassFatca>${payload.modifyRBACustomer.rbaCustomerMaintenanceDTO.codClassFatca}</codClassFatca><codCntryTrdWith1>${payload.modifyRBACustomer.rbaCustomerMaintenanceDTO.codCntryTrdWith1}</codCntryTrdWith1><codCntryTrdWith10>${payload.modifyRBACustomer.rbaCustomerMaintenanceDTO.codCntryTrdWith10}</codCntryTrdWith10><codCntryTrdWith2>${payload.modifyRBACustomer.rbaCustomerMaintenanceDTO.codCntryTrdWith2}</codCntryTrdWith2><codCntryTrdWith3>${payload.modifyRBACustomer.rbaCustomerMaintenanceDTO.codCntryTrdWith3}</codCntryTrdWith3><codCntryTrdWith4>${payload.modifyRBACustomer.rbaCustomerMaintenanceDTO.codCntryTrdWith4}</codCntryTrdWith4><codCntryTrdWith5>${payload.modifyRBACustomer.rbaCustomerMaintenanceDTO.codCntryTrdWith5}</codCntryTrdWith5><codCntryTrdWith6>${payload.modifyRBACustomer.rbaCustomerMaintenanceDTO.codCntryTrdWith6}</codCntryTrdWith6><codCntryTrdWith7>${payload.modifyRBACustomer.rbaCustomerMaintenanceDTO.codCntryTrdWith7}</codCntryTrdWith7><codCntryTrdWith8>${payload.modifyRBACustomer.rbaCustomerMaintenanceDTO.codCntryTrdWith8}</codCntryTrdWith8><codCntryTrdWith9>${payload.modifyRBACustomer.rbaCustomerMaintenanceDTO.codCntryTrdWith9}</codCntryTrdWith9><codCustTypSpecl>${payload.modifyRBACustomer.rbaCustomerMaintenanceDTO.codCustTypSpecl}</codCustTypSpecl><codRiskActivity>${payload.modifyRBACustomer.rbaCustomerMaintenanceDTO.codRiskActivity}</codRiskActivity><customerId>${payload.modifyRBACustomer.rbaCustomerMaintenanceDTO.customerId}</customerId><dtls><item ARRAY_PLACEHOLDER="payload.modifyRBACustomer.rbaCustomerMaintenanceDTO.dtls.item"><cntrlPersonTyp>${item.cntrlPersonTyp}</cntrlPersonTyp><datBirthPerson>${item.datBirthPerson}</datBirthPerson><namPersonCity>${item.namPersonCity}</namPersonCity><namPersonCntry>${item.namPersonCntry}</namPersonCntry><namPersonFirst>${item.namPersonFirst}</namPersonFirst><namPersonLast>${item.namPersonLast}</namPersonLast><taxIdCntry>${item.taxIdCntry}</taxIdCntry><taxIdNumber>${item.taxIdNumber}</taxIdNumber></item></dtls><flgPep>${payload.modifyRBACustomer.rbaCustomerMaintenanceDTO.flgPep}</flgPep><funds><codSrcOfFunds1>${payload.modifyRBACustomer.rbaCustomerMaintenanceDTO.funds.codSrcOfFunds1}</codSrcOfFunds1><codSrcOfFunds10>${payload.modifyRBACustomer.rbaCustomerMaintenanceDTO.funds.codSrcOfFunds10}</codSrcOfFunds10><codSrcOfFunds2>${payload.modifyRBACustomer.rbaCustomerMaintenanceDTO.funds.codSrcOfFunds2}</codSrcOfFunds2><codSrcOfFunds3>${payload.modifyRBACustomer.rbaCustomerMaintenanceDTO.funds.codSrcOfFunds3}</codSrcOfFunds3><codSrcOfFunds4>${payload.modifyRBACustomer.rbaCustomerMaintenanceDTO.funds.codSrcOfFunds4}</codSrcOfFunds4><codSrcOfFunds5>${payload.modifyRBACustomer.rbaCustomerMaintenanceDTO.funds.codSrcOfFunds5}</codSrcOfFunds5><codSrcOfFunds6>${payload.modifyRBACustomer.rbaCustomerMaintenanceDTO.funds.codSrcOfFunds6}</codSrcOfFunds6><codSrcOfFunds7>${payload.modifyRBACustomer.rbaCustomerMaintenanceDTO.funds.codSrcOfFunds7}</codSrcOfFunds7><codSrcOfFunds8>${payload.modifyRBACustomer.rbaCustomerMaintenanceDTO.funds.codSrcOfFunds8}</codSrcOfFunds8><codSrcOfFunds9>${payload.modifyRBACustomer.rbaCustomerMaintenanceDTO.funds.codSrcOfFunds9}</codSrcOfFunds9></funds><giinCrs>${payload.modifyRBACustomer.rbaCustomerMaintenanceDTO.giinCrs}</giinCrs><incomes><codSrcOfIncome1>${payload.modifyRBACustomer.rbaCustomerMaintenanceDTO.incomes.codSrcOfIncome1}</codSrcOfIncome1><codSrcOfIncome10>${payload.modifyRBACustomer.rbaCustomerMaintenanceDTO.incomes.codSrcOfIncome10}</codSrcOfIncome10><codSrcOfIncome2>${payload.modifyRBACustomer.rbaCustomerMaintenanceDTO.incomes.codSrcOfIncome2}</codSrcOfIncome2><codSrcOfIncome3>${payload.modifyRBACustomer.rbaCustomerMaintenanceDTO.incomes.codSrcOfIncome3}</codSrcOfIncome3><codSrcOfIncome4>${payload.modifyRBACustomer.rbaCustomerMaintenanceDTO.incomes.codSrcOfIncome4}</codSrcOfIncome4><codSrcOfIncome5>${payload.modifyRBACustomer.rbaCustomerMaintenanceDTO.incomes.codSrcOfIncome5}</codSrcOfIncome5><codSrcOfIncome6>${payload.modifyRBACustomer.rbaCustomerMaintenanceDTO.incomes.codSrcOfIncome6}</codSrcOfIncome6><codSrcOfIncome7>${payload.modifyRBACustomer.rbaCustomerMaintenanceDTO.incomes.codSrcOfIncome7}</codSrcOfIncome7><codSrcOfIncome8>${payload.modifyRBACustomer.rbaCustomerMaintenanceDTO.incomes.codSrcOfIncome8}</codSrcOfIncome8><codSrcOfIncome9>${payload.modifyRBACustomer.rbaCustomerMaintenanceDTO.incomes.codSrcOfIncome9}</codSrcOfIncome9></incomes><isoCntryTaxResiCrs>${payload.modifyRBACustomer.rbaCustomerMaintenanceDTO.isoCntryTaxResiCrs}</isoCntryTaxResiCrs><onboardingChnl>${payload.modifyRBACustomer.rbaCustomerMaintenanceDTO.onboardingChnl}</onboardingChnl><reasonCrs>${payload.modifyRBACustomer.rbaCustomerMaintenanceDTO.reasonCrs}</reasonCrs><srcOfFundsOther>${payload.modifyRBACustomer.rbaCustomerMaintenanceDTO.srcOfFundsOther}</srcOfFundsOther><srcOfIncomeOther>${payload.modifyRBACustomer.rbaCustomerMaintenanceDTO.srcOfIncomeOther}</srcOfIncomeOther><srcOfWealthOther>${payload.modifyRBACustomer.rbaCustomerMaintenanceDTO.srcOfWealthOther}</srcOfWealthOther><tinCrs>${payload.modifyRBACustomer.rbaCustomerMaintenanceDTO.tinCrs}</tinCrs><valCashDepTxn>${payload.modifyRBACustomer.rbaCustomerMaintenanceDTO.valCashDepTxn}</valCashDepTxn><valCashWdrTxn>${payload.modifyRBACustomer.rbaCustomerMaintenanceDTO.valCashWdrTxn}</valCashWdrTxn><valChqDepTxn>${payload.modifyRBACustomer.rbaCustomerMaintenanceDTO.valChqDepTxn}</valChqDepTxn><valChqWdrTxn>${payload.modifyRBACustomer.rbaCustomerMaintenanceDTO.valChqWdrTxn}</valChqWdrTxn><valFundsTransferDepTxn>${payload.modifyRBACustomer.rbaCustomerMaintenanceDTO.valFundsTransferDepTxn}</valFundsTransferDepTxn><valFundsTransferWdrTxn>${payload.modifyRBACustomer.rbaCustomerMaintenanceDTO.valFundsTransferWdrTxn}</valFundsTransferWdrTxn><valOtherInstrumentsDepTxn>${payload.modifyRBACustomer.rbaCustomerMaintenanceDTO.valOtherInstrumentsDepTxn}</valOtherInstrumentsDepTxn><valOtherInstrumentsWdrTxn>${payload.modifyRBACustomer.rbaCustomerMaintenanceDTO.valOtherInstrumentsWdrTxn}</valOtherInstrumentsWdrTxn><wealths><codSrcOfWealth1>${payload.modifyRBACustomer.rbaCustomerMaintenanceDTO.wealths.codSrcOfWealth1}</codSrcOfWealth1><codSrcOfWealth10>${payload.modifyRBACustomer.rbaCustomerMaintenanceDTO.wealths.codSrcOfWealth10}</codSrcOfWealth10><codSrcOfWealth2>${payload.modifyRBACustomer.rbaCustomerMaintenanceDTO.wealths.codSrcOfWealth2}</codSrcOfWealth2><codSrcOfWealth3>${payload.modifyRBACustomer.rbaCustomerMaintenanceDTO.wealths.codSrcOfWealth3}</codSrcOfWealth3><codSrcOfWealth4>${payload.modifyRBACustomer.rbaCustomerMaintenanceDTO.wealths.codSrcOfWealth4}</codSrcOfWealth4><codSrcOfWealth5>${payload.modifyRBACustomer.rbaCustomerMaintenanceDTO.wealths.codSrcOfWealth5}</codSrcOfWealth5><codSrcOfWealth6>${payload.modifyRBACustomer.rbaCustomerMaintenanceDTO.wealths.codSrcOfWealth6}</codSrcOfWealth6><codSrcOfWealth7>${payload.modifyRBACustomer.rbaCustomerMaintenanceDTO.wealths.codSrcOfWealth7}</codSrcOfWealth7><codSrcOfWealth8>${payload.modifyRBACustomer.rbaCustomerMaintenanceDTO.wealths.codSrcOfWealth8}</codSrcOfWealth8><codSrcOfWealth9>${payload.modifyRBACustomer.rbaCustomerMaintenanceDTO.wealths.codSrcOfWealth9}</codSrcOfWealth9></wealths></rbaCustomerMaintenanceDTO></web:modifyRBACustomer></soapenv:Body>
</soapenv:Envelope>
]]></format>
                <args/>
            </payloadFactory>
            <property name="messageType" scope="axis2" type="STRING" value="application/soap+xml"/>
            <call>
                <endpoint key="LoansInquiry_SOAP_ENDPOINT"/>
            </call>
            <property name="messageType" scope="axis2" type="STRING" value="application/json"/>
            <respond/>
        </inSequence>
        <outSequence/>
        <faultSequence/>
    </resource>
    <resource methods="POST" url-mapping="/listAccountsOfCustomer">
        <inSequence>
            <property action="remove" name="REST_URL_POSTFIX" scope="axis2"/>
            <payloadFactory media-type="xml" template-type="freemarker">
                <format><![CDATA[<soapenv:Envelope xmlns:soapenv="http://www.w3.org/2003/05/soap-envelope">
<soapenv:Header/>
<soapenv:Body>
<web:listAccountsOfCustomer xmlns:web="http://spi.customer.app.fcr.iflex.com"><sessionContext><bankCode>${payload.listAccountsOfCustomer.sessionContext.bankCode}</bankCode><channel>${payload.listAccountsOfCustomer.sessionContext.channel}</channel><externalBatchNumber>${payload.listAccountsOfCustomer.sessionContext.externalBatchNumber}</externalBatchNumber><externalReferenceNo>${payload.listAccountsOfCustomer.sessionContext.externalReferenceNo}</externalReferenceNo><externalSystemAuditTrailNumber>${payload.listAccountsOfCustomer.sessionContext.externalSystemAuditTrailNumber}</externalSystemAuditTrailNumber><localDateTimeText>${payload.listAccountsOfCustomer.sessionContext.localDateTimeText}</localDateTimeText><originalReferenceNo>${payload.listAccountsOfCustomer.sessionContext.originalReferenceNo}</originalReferenceNo><overridenWarnings>${payload.listAccountsOfCustomer.sessionContext.overridenWarnings}</overridenWarnings><postingDateText>${payload.listAccountsOfCustomer.sessionContext.postingDateText}</postingDateText><reason><comment>${payload.listAccountsOfCustomer.sessionContext.reason.comment}</comment><reasonCode>${payload.listAccountsOfCustomer.sessionContext.reason.reasonCode}</reasonCode></reason><serviceCode>${payload.listAccountsOfCustomer.sessionContext.serviceCode}</serviceCode><sessionTicket>${payload.listAccountsOfCustomer.sessionContext.sessionTicket}</sessionTicket><supervisorContext><primaryPassword>${payload.listAccountsOfCustomer.sessionContext.supervisorContext.primaryPassword}</primaryPassword><userId>${payload.listAccountsOfCustomer.sessionContext.supervisorContext.userId}</userId></supervisorContext><transactionBranch>${payload.listAccountsOfCustomer.sessionContext.transactionBranch}</transactionBranch><userReferenceNumber>${payload.listAccountsOfCustomer.sessionContext.userReferenceNumber}</userReferenceNumber><valueDateText>${payload.listAccountsOfCustomer.sessionContext.valueDateText}</valueDateText></sessionContext><customerId>${payload.listAccountsOfCustomer.customerId}</customerId><moduleType ARRAY_PLACEHOLDER="payload.listAccountsOfCustomer.moduleType">${moduleType}</moduleType><pageInformation><pageNumber>${payload.listAccountsOfCustomer.pageInformation.pageNumber}</pageNumber><pageSize>${payload.listAccountsOfCustomer.pageInformation.pageSize}</pageSize></pageInformation></web:listAccountsOfCustomer></soapenv:Body>
</soapenv:Envelope>
]]></format>
                <args/>
            </payloadFactory>
            <property name="messageType" scope="axis2" type="STRING" value="application/soap+xml"/>
            <call>
                <endpoint key="LoansInquiry_SOAP_ENDPOINT"/>
            </call>
            <property name="messageType" scope="axis2" type="STRING" value="application/json"/>
            <respond/>
        </inSequence>
        <outSequence/>
        <faultSequence/>
    </resource>
    <resource methods="POST" url-mapping="/inquireRBA">
        <inSequence>
            <property action="remove" name="REST_URL_POSTFIX" scope="axis2"/>
            <payloadFactory media-type="xml" template-type="freemarker">
                <format><![CDATA[<soapenv:Envelope xmlns:soapenv="http://www.w3.org/2003/05/soap-envelope">
<soapenv:Header/>
<soapenv:Body>
<web:inquireRBA xmlns:web="http://spi.customer.app.fcr.iflex.com"><sessionContext><bankCode>${payload.inquireRBA.sessionContext.bankCode}</bankCode><channel>${payload.inquireRBA.sessionContext.channel}</channel><externalBatchNumber>${payload.inquireRBA.sessionContext.externalBatchNumber}</externalBatchNumber><externalReferenceNo>${payload.inquireRBA.sessionContext.externalReferenceNo}</externalReferenceNo><externalSystemAuditTrailNumber>${payload.inquireRBA.sessionContext.externalSystemAuditTrailNumber}</externalSystemAuditTrailNumber><localDateTimeText>${payload.inquireRBA.sessionContext.localDateTimeText}</localDateTimeText><originalReferenceNo>${payload.inquireRBA.sessionContext.originalReferenceNo}</originalReferenceNo><overridenWarnings>${payload.inquireRBA.sessionContext.overridenWarnings}</overridenWarnings><postingDateText>${payload.inquireRBA.sessionContext.postingDateText}</postingDateText><reason><comment>${payload.inquireRBA.sessionContext.reason.comment}</comment><reasonCode>${payload.inquireRBA.sessionContext.reason.reasonCode}</reasonCode></reason><serviceCode>${payload.inquireRBA.sessionContext.serviceCode}</serviceCode><sessionTicket>${payload.inquireRBA.sessionContext.sessionTicket}</sessionTicket><supervisorContext><primaryPassword>${payload.inquireRBA.sessionContext.supervisorContext.primaryPassword}</primaryPassword><userId>${payload.inquireRBA.sessionContext.supervisorContext.userId}</userId></supervisorContext><transactionBranch>${payload.inquireRBA.sessionContext.transactionBranch}</transactionBranch><userReferenceNumber>${payload.inquireRBA.sessionContext.userReferenceNumber}</userReferenceNumber><valueDateText>${payload.inquireRBA.sessionContext.valueDateText}</valueDateText></sessionContext><customerId>${payload.inquireRBA.customerId}</customerId></web:inquireRBA></soapenv:Body>
</soapenv:Envelope>
]]></format>
                <args/>
            </payloadFactory>
            <property name="messageType" scope="axis2" type="STRING" value="application/soap+xml"/>
            <call>
                <endpoint key="LoansInquiry_SOAP_ENDPOINT"/>
            </call>
            <property name="messageType" scope="axis2" type="STRING" value="application/json"/>
            <respond/>
        </inSequence>
        <outSequence/>
        <faultSequence/>
    </resource>
    <resource methods="POST" url-mapping="/inquireGroupWalletCustomer">
        <inSequence>
            <property action="remove" name="REST_URL_POSTFIX" scope="axis2"/>
            <payloadFactory media-type="xml" template-type="freemarker">
                <format><![CDATA[<soapenv:Envelope xmlns:soapenv="http://www.w3.org/2003/05/soap-envelope">
<soapenv:Header/>
<soapenv:Body>
<web:inquireGroupWalletCustomer xmlns:web="http://spi.customer.app.fcr.iflex.com"><sessionContext><bankCode>${payload.inquireGroupWalletCustomer.sessionContext.bankCode}</bankCode><channel>${payload.inquireGroupWalletCustomer.sessionContext.channel}</channel><externalBatchNumber>${payload.inquireGroupWalletCustomer.sessionContext.externalBatchNumber}</externalBatchNumber><externalReferenceNo>${payload.inquireGroupWalletCustomer.sessionContext.externalReferenceNo}</externalReferenceNo><externalSystemAuditTrailNumber>${payload.inquireGroupWalletCustomer.sessionContext.externalSystemAuditTrailNumber}</externalSystemAuditTrailNumber><localDateTimeText>${payload.inquireGroupWalletCustomer.sessionContext.localDateTimeText}</localDateTimeText><originalReferenceNo>${payload.inquireGroupWalletCustomer.sessionContext.originalReferenceNo}</originalReferenceNo><overridenWarnings>${payload.inquireGroupWalletCustomer.sessionContext.overridenWarnings}</overridenWarnings><postingDateText>${payload.inquireGroupWalletCustomer.sessionContext.postingDateText}</postingDateText><reason><comment>${payload.inquireGroupWalletCustomer.sessionContext.reason.comment}</comment><reasonCode>${payload.inquireGroupWalletCustomer.sessionContext.reason.reasonCode}</reasonCode></reason><serviceCode>${payload.inquireGroupWalletCustomer.sessionContext.serviceCode}</serviceCode><sessionTicket>${payload.inquireGroupWalletCustomer.sessionContext.sessionTicket}</sessionTicket><supervisorContext><primaryPassword>${payload.inquireGroupWalletCustomer.sessionContext.supervisorContext.primaryPassword}</primaryPassword><userId>${payload.inquireGroupWalletCustomer.sessionContext.supervisorContext.userId}</userId></supervisorContext><transactionBranch>${payload.inquireGroupWalletCustomer.sessionContext.transactionBranch}</transactionBranch><userReferenceNumber>${payload.inquireGroupWalletCustomer.sessionContext.userReferenceNumber}</userReferenceNumber><valueDateText>${payload.inquireGroupWalletCustomer.sessionContext.valueDateText}</valueDateText></sessionContext><customerId>${payload.inquireGroupWalletCustomer.customerId}</customerId></web:inquireGroupWalletCustomer></soapenv:Body>
</soapenv:Envelope>
]]></format>
                <args/>
            </payloadFactory>
            <property name="messageType" scope="axis2" type="STRING" value="application/soap+xml"/>
            <call>
                <endpoint key="LoansInquiry_SOAP_ENDPOINT"/>
            </call>
            <property name="messageType" scope="axis2" type="STRING" value="application/json"/>
            <respond/>
        </inSequence>
        <outSequence/>
        <faultSequence/>
    </resource>
    <resource methods="POST" url-mapping="/changeCustomerIdentificationDetails">
        <inSequence>
            <property action="remove" name="REST_URL_POSTFIX" scope="axis2"/>
            <payloadFactory media-type="xml" template-type="freemarker">
                <format><![CDATA[<soapenv:Envelope xmlns:soapenv="http://www.w3.org/2003/05/soap-envelope">
<soapenv:Header/>
<soapenv:Body>
<web:changeCustomerIdentificationDetails xmlns:web="http://spi.customer.app.fcr.iflex.com"><sessionContext><bankCode>${payload.changeCustomerIdentificationDetails.sessionContext.bankCode}</bankCode><channel>${payload.changeCustomerIdentificationDetails.sessionContext.channel}</channel><externalBatchNumber>${payload.changeCustomerIdentificationDetails.sessionContext.externalBatchNumber}</externalBatchNumber><externalReferenceNo>${payload.changeCustomerIdentificationDetails.sessionContext.externalReferenceNo}</externalReferenceNo><externalSystemAuditTrailNumber>${payload.changeCustomerIdentificationDetails.sessionContext.externalSystemAuditTrailNumber}</externalSystemAuditTrailNumber><localDateTimeText>${payload.changeCustomerIdentificationDetails.sessionContext.localDateTimeText}</localDateTimeText><originalReferenceNo>${payload.changeCustomerIdentificationDetails.sessionContext.originalReferenceNo}</originalReferenceNo><overridenWarnings>${payload.changeCustomerIdentificationDetails.sessionContext.overridenWarnings}</overridenWarnings><postingDateText>${payload.changeCustomerIdentificationDetails.sessionContext.postingDateText}</postingDateText><reason><comment>${payload.changeCustomerIdentificationDetails.sessionContext.reason.comment}</comment><reasonCode>${payload.changeCustomerIdentificationDetails.sessionContext.reason.reasonCode}</reasonCode></reason><serviceCode>${payload.changeCustomerIdentificationDetails.sessionContext.serviceCode}</serviceCode><sessionTicket>${payload.changeCustomerIdentificationDetails.sessionContext.sessionTicket}</sessionTicket><supervisorContext><primaryPassword>${payload.changeCustomerIdentificationDetails.sessionContext.supervisorContext.primaryPassword}</primaryPassword><userId>${payload.changeCustomerIdentificationDetails.sessionContext.supervisorContext.userId}</userId></supervisorContext><transactionBranch>${payload.changeCustomerIdentificationDetails.sessionContext.transactionBranch}</transactionBranch><userReferenceNumber>${payload.changeCustomerIdentificationDetails.sessionContext.userReferenceNumber}</userReferenceNumber><valueDateText>${payload.changeCustomerIdentificationDetails.sessionContext.valueDateText}</valueDateText></sessionContext><customerId>${payload.changeCustomerIdentificationDetails.customerId}</customerId><changeType>${payload.changeCustomerIdentificationDetails.changeType}</changeType><customerIC>${payload.changeCustomerIdentificationDetails.customerIC}</customerIC><category>${payload.changeCustomerIdentificationDetails.category}</category><shortName>${payload.changeCustomerIdentificationDetails.shortName}</shortName><firstName>${payload.changeCustomerIdentificationDetails.firstName}</firstName><midName>${payload.changeCustomerIdentificationDetails.midName}</midName><lastName>${payload.changeCustomerIdentificationDetails.lastName}</lastName></web:changeCustomerIdentificationDetails></soapenv:Body>
</soapenv:Envelope>
]]></format>
                <args/>
            </payloadFactory>
            <property name="messageType" scope="axis2" type="STRING" value="application/soap+xml"/>
            <call>
                <endpoint key="LoansInquiry_SOAP_ENDPOINT"/>
            </call>
            <property name="messageType" scope="axis2" type="STRING" value="application/json"/>
            <respond/>
        </inSequence>
        <outSequence/>
        <faultSequence/>
    </resource>
    <resource methods="POST" url-mapping="/addRBACustomerDetails">
        <inSequence>
            <property action="remove" name="REST_URL_POSTFIX" scope="axis2"/>
            <payloadFactory media-type="xml" template-type="freemarker">
                <format><![CDATA[<soapenv:Envelope xmlns:soapenv="http://www.w3.org/2003/05/soap-envelope">
<soapenv:Header/>
<soapenv:Body>
<web:addRBACustomerDetails xmlns:web="http://spi.customer.app.fcr.iflex.com"><sessionContext><bankCode>${payload.addRBACustomerDetails.sessionContext.bankCode}</bankCode><channel>${payload.addRBACustomerDetails.sessionContext.channel}</channel><externalBatchNumber>${payload.addRBACustomerDetails.sessionContext.externalBatchNumber}</externalBatchNumber><externalReferenceNo>${payload.addRBACustomerDetails.sessionContext.externalReferenceNo}</externalReferenceNo><externalSystemAuditTrailNumber>${payload.addRBACustomerDetails.sessionContext.externalSystemAuditTrailNumber}</externalSystemAuditTrailNumber><localDateTimeText>${payload.addRBACustomerDetails.sessionContext.localDateTimeText}</localDateTimeText><originalReferenceNo>${payload.addRBACustomerDetails.sessionContext.originalReferenceNo}</originalReferenceNo><overridenWarnings>${payload.addRBACustomerDetails.sessionContext.overridenWarnings}</overridenWarnings><postingDateText>${payload.addRBACustomerDetails.sessionContext.postingDateText}</postingDateText><reason><comment>${payload.addRBACustomerDetails.sessionContext.reason.comment}</comment><reasonCode>${payload.addRBACustomerDetails.sessionContext.reason.reasonCode}</reasonCode></reason><serviceCode>${payload.addRBACustomerDetails.sessionContext.serviceCode}</serviceCode><sessionTicket>${payload.addRBACustomerDetails.sessionContext.sessionTicket}</sessionTicket><supervisorContext><primaryPassword>${payload.addRBACustomerDetails.sessionContext.supervisorContext.primaryPassword}</primaryPassword><userId>${payload.addRBACustomerDetails.sessionContext.supervisorContext.userId}</userId></supervisorContext><transactionBranch>${payload.addRBACustomerDetails.sessionContext.transactionBranch}</transactionBranch><userReferenceNumber>${payload.addRBACustomerDetails.sessionContext.userReferenceNumber}</userReferenceNumber><valueDateText>${payload.addRBACustomerDetails.sessionContext.valueDateText}</valueDateText></sessionContext><rBACustomerDetailsDTO><RBACustomerCRSDetails><item ARRAY_PLACEHOLDER="payload.addRBACustomerDetails.rBACustomerDetailsDTO.RBACustomerCRSDetails.item"><cntrlPersonTyp>${item.cntrlPersonTyp}</cntrlPersonTyp><datBirthPerson>${item.datBirthPerson}</datBirthPerson><namPersonCity>${item.namPersonCity}</namPersonCity><namPersonCntry>${item.namPersonCntry}</namPersonCntry><namPersonFirst>${item.namPersonFirst}</namPersonFirst><namPersonLast>${item.namPersonLast}</namPersonLast><taxIdCntry>${item.taxIdCntry}</taxIdCntry><taxIdNumber>${item.taxIdNumber}</taxIdNumber></item></RBACustomerCRSDetails><cntCashDepTxn>${payload.addRBACustomerDetails.rBACustomerDetailsDTO.cntCashDepTxn}</cntCashDepTxn><cntCashWdrTxn>${payload.addRBACustomerDetails.rBACustomerDetailsDTO.cntCashWdrTxn}</cntCashWdrTxn><cntChqDepTxn>${payload.addRBACustomerDetails.rBACustomerDetailsDTO.cntChqDepTxn}</cntChqDepTxn><cntChqWdrTxn>${payload.addRBACustomerDetails.rBACustomerDetailsDTO.cntChqWdrTxn}</cntChqWdrTxn><cntFundsTransferDepTxn>${payload.addRBACustomerDetails.rBACustomerDetailsDTO.cntFundsTransferDepTxn}</cntFundsTransferDepTxn><cntFundsTransferWdrTxn>${payload.addRBACustomerDetails.rBACustomerDetailsDTO.cntFundsTransferWdrTxn}</cntFundsTransferWdrTxn><cntOtherInstrumentsDepTxn>${payload.addRBACustomerDetails.rBACustomerDetailsDTO.cntOtherInstrumentsDepTxn}</cntOtherInstrumentsDepTxn><cntOtherInstrumentsWdrTxn>${payload.addRBACustomerDetails.rBACustomerDetailsDTO.cntOtherInstrumentsWdrTxn}</cntOtherInstrumentsWdrTxn><codClassCrs>${payload.addRBACustomerDetails.rBACustomerDetailsDTO.codClassCrs}</codClassCrs><codClassFatca>${payload.addRBACustomerDetails.rBACustomerDetailsDTO.codClassFatca}</codClassFatca><codCntryTrdWith1>${payload.addRBACustomerDetails.rBACustomerDetailsDTO.codCntryTrdWith1}</codCntryTrdWith1><codCntryTrdWith10>${payload.addRBACustomerDetails.rBACustomerDetailsDTO.codCntryTrdWith10}</codCntryTrdWith10><codCntryTrdWith2>${payload.addRBACustomerDetails.rBACustomerDetailsDTO.codCntryTrdWith2}</codCntryTrdWith2><codCntryTrdWith3>${payload.addRBACustomerDetails.rBACustomerDetailsDTO.codCntryTrdWith3}</codCntryTrdWith3><codCntryTrdWith4>${payload.addRBACustomerDetails.rBACustomerDetailsDTO.codCntryTrdWith4}</codCntryTrdWith4><codCntryTrdWith5>${payload.addRBACustomerDetails.rBACustomerDetailsDTO.codCntryTrdWith5}</codCntryTrdWith5><codCntryTrdWith6>${payload.addRBACustomerDetails.rBACustomerDetailsDTO.codCntryTrdWith6}</codCntryTrdWith6><codCntryTrdWith7>${payload.addRBACustomerDetails.rBACustomerDetailsDTO.codCntryTrdWith7}</codCntryTrdWith7><codCntryTrdWith8>${payload.addRBACustomerDetails.rBACustomerDetailsDTO.codCntryTrdWith8}</codCntryTrdWith8><codCntryTrdWith9>${payload.addRBACustomerDetails.rBACustomerDetailsDTO.codCntryTrdWith9}</codCntryTrdWith9><codCustId>${payload.addRBACustomerDetails.rBACustomerDetailsDTO.codCustId}</codCustId><codCustTypSpecl>${payload.addRBACustomerDetails.rBACustomerDetailsDTO.codCustTypSpecl}</codCustTypSpecl><codRiskActivity>${payload.addRBACustomerDetails.rBACustomerDetailsDTO.codRiskActivity}</codRiskActivity><codSrcOfFunds1>${payload.addRBACustomerDetails.rBACustomerDetailsDTO.codSrcOfFunds1}</codSrcOfFunds1><codSrcOfFunds10>${payload.addRBACustomerDetails.rBACustomerDetailsDTO.codSrcOfFunds10}</codSrcOfFunds10><codSrcOfFunds2>${payload.addRBACustomerDetails.rBACustomerDetailsDTO.codSrcOfFunds2}</codSrcOfFunds2><codSrcOfFunds3>${payload.addRBACustomerDetails.rBACustomerDetailsDTO.codSrcOfFunds3}</codSrcOfFunds3><codSrcOfFunds4>${payload.addRBACustomerDetails.rBACustomerDetailsDTO.codSrcOfFunds4}</codSrcOfFunds4><codSrcOfFunds5>${payload.addRBACustomerDetails.rBACustomerDetailsDTO.codSrcOfFunds5}</codSrcOfFunds5><codSrcOfFunds6>${payload.addRBACustomerDetails.rBACustomerDetailsDTO.codSrcOfFunds6}</codSrcOfFunds6><codSrcOfFunds7>${payload.addRBACustomerDetails.rBACustomerDetailsDTO.codSrcOfFunds7}</codSrcOfFunds7><codSrcOfFunds8>${payload.addRBACustomerDetails.rBACustomerDetailsDTO.codSrcOfFunds8}</codSrcOfFunds8><codSrcOfFunds9>${payload.addRBACustomerDetails.rBACustomerDetailsDTO.codSrcOfFunds9}</codSrcOfFunds9><codSrcOfIncome1>${payload.addRBACustomerDetails.rBACustomerDetailsDTO.codSrcOfIncome1}</codSrcOfIncome1><codSrcOfIncome10>${payload.addRBACustomerDetails.rBACustomerDetailsDTO.codSrcOfIncome10}</codSrcOfIncome10><codSrcOfIncome2>${payload.addRBACustomerDetails.rBACustomerDetailsDTO.codSrcOfIncome2}</codSrcOfIncome2><codSrcOfIncome3>${payload.addRBACustomerDetails.rBACustomerDetailsDTO.codSrcOfIncome3}</codSrcOfIncome3><codSrcOfIncome4>${payload.addRBACustomerDetails.rBACustomerDetailsDTO.codSrcOfIncome4}</codSrcOfIncome4><codSrcOfIncome5>${payload.addRBACustomerDetails.rBACustomerDetailsDTO.codSrcOfIncome5}</codSrcOfIncome5><codSrcOfIncome6>${payload.addRBACustomerDetails.rBACustomerDetailsDTO.codSrcOfIncome6}</codSrcOfIncome6><codSrcOfIncome7>${payload.addRBACustomerDetails.rBACustomerDetailsDTO.codSrcOfIncome7}</codSrcOfIncome7><codSrcOfIncome8>${payload.addRBACustomerDetails.rBACustomerDetailsDTO.codSrcOfIncome8}</codSrcOfIncome8><codSrcOfIncome9>${payload.addRBACustomerDetails.rBACustomerDetailsDTO.codSrcOfIncome9}</codSrcOfIncome9><codSrcOfWealth1>${payload.addRBACustomerDetails.rBACustomerDetailsDTO.codSrcOfWealth1}</codSrcOfWealth1><codSrcOfWealth10>${payload.addRBACustomerDetails.rBACustomerDetailsDTO.codSrcOfWealth10}</codSrcOfWealth10><codSrcOfWealth2>${payload.addRBACustomerDetails.rBACustomerDetailsDTO.codSrcOfWealth2}</codSrcOfWealth2><codSrcOfWealth3>${payload.addRBACustomerDetails.rBACustomerDetailsDTO.codSrcOfWealth3}</codSrcOfWealth3><codSrcOfWealth4>${payload.addRBACustomerDetails.rBACustomerDetailsDTO.codSrcOfWealth4}</codSrcOfWealth4><codSrcOfWealth5>${payload.addRBACustomerDetails.rBACustomerDetailsDTO.codSrcOfWealth5}</codSrcOfWealth5><codSrcOfWealth6>${payload.addRBACustomerDetails.rBACustomerDetailsDTO.codSrcOfWealth6}</codSrcOfWealth6><codSrcOfWealth7>${payload.addRBACustomerDetails.rBACustomerDetailsDTO.codSrcOfWealth7}</codSrcOfWealth7><codSrcOfWealth8>${payload.addRBACustomerDetails.rBACustomerDetailsDTO.codSrcOfWealth8}</codSrcOfWealth8><codSrcOfWealth9>${payload.addRBACustomerDetails.rBACustomerDetailsDTO.codSrcOfWealth9}</codSrcOfWealth9><flgPep>${payload.addRBACustomerDetails.rBACustomerDetailsDTO.flgPep}</flgPep><giinCrs>${payload.addRBACustomerDetails.rBACustomerDetailsDTO.giinCrs}</giinCrs><isoCntryTaxResiCrs>${payload.addRBACustomerDetails.rBACustomerDetailsDTO.isoCntryTaxResiCrs}</isoCntryTaxResiCrs><onboardingChnl>${payload.addRBACustomerDetails.rBACustomerDetailsDTO.onboardingChnl}</onboardingChnl><reasonCrs>${payload.addRBACustomerDetails.rBACustomerDetailsDTO.reasonCrs}</reasonCrs><srcOfFundsOther>${payload.addRBACustomerDetails.rBACustomerDetailsDTO.srcOfFundsOther}</srcOfFundsOther><srcOfIncomeOther>${payload.addRBACustomerDetails.rBACustomerDetailsDTO.srcOfIncomeOther}</srcOfIncomeOther><srcOfWealthOther>${payload.addRBACustomerDetails.rBACustomerDetailsDTO.srcOfWealthOther}</srcOfWealthOther><tinCrs>${payload.addRBACustomerDetails.rBACustomerDetailsDTO.tinCrs}</tinCrs><valCashDepTxn>${payload.addRBACustomerDetails.rBACustomerDetailsDTO.valCashDepTxn}</valCashDepTxn><valCashWdrTxn>${payload.addRBACustomerDetails.rBACustomerDetailsDTO.valCashWdrTxn}</valCashWdrTxn><valChqDepTxn>${payload.addRBACustomerDetails.rBACustomerDetailsDTO.valChqDepTxn}</valChqDepTxn><valChqWdrTxn>${payload.addRBACustomerDetails.rBACustomerDetailsDTO.valChqWdrTxn}</valChqWdrTxn><valFundsTransferDepTxn>${payload.addRBACustomerDetails.rBACustomerDetailsDTO.valFundsTransferDepTxn}</valFundsTransferDepTxn><valFundsTransferWdrTxn>${payload.addRBACustomerDetails.rBACustomerDetailsDTO.valFundsTransferWdrTxn}</valFundsTransferWdrTxn><valOtherInstrumentsDepTxn>${payload.addRBACustomerDetails.rBACustomerDetailsDTO.valOtherInstrumentsDepTxn}</valOtherInstrumentsDepTxn><valOtherInstrumentsWdrTxn>${payload.addRBACustomerDetails.rBACustomerDetailsDTO.valOtherInstrumentsWdrTxn}</valOtherInstrumentsWdrTxn><flgRelatedParty>${payload.addRBACustomerDetails.rBACustomerDetailsDTO.flgRelatedParty}</flgRelatedParty><eCASARefNo>${payload.addRBACustomerDetails.rBACustomerDetailsDTO.eCASARefNo}</eCASARefNo></rBACustomerDetailsDTO></web:addRBACustomerDetails></soapenv:Body>
</soapenv:Envelope>
]]></format>
                <args/>
            </payloadFactory>
            <property name="messageType" scope="axis2" type="STRING" value="application/soap+xml"/>
            <call>
                <endpoint key="LoansInquiry_SOAP_ENDPOINT"/>
            </call>
            <property name="messageType" scope="axis2" type="STRING" value="application/json"/>
            <respond/>
        </inSequence>
        <outSequence/>
        <faultSequence/>
    </resource>
    <resource methods="POST" url-mapping="/doDedupCustomerSearch">
        <inSequence>
            <property action="remove" name="REST_URL_POSTFIX" scope="axis2"/>
            <payloadFactory media-type="xml" template-type="freemarker">
                <format><![CDATA[<soapenv:Envelope xmlns:soapenv="http://www.w3.org/2003/05/soap-envelope">
<soapenv:Header/>
<soapenv:Body>
<web:doDedupCustomerSearch xmlns:web="http://spi.customer.app.fcr.iflex.com"><sessionContext><bankCode>${payload.doDedupCustomerSearch.sessionContext.bankCode}</bankCode><channel>${payload.doDedupCustomerSearch.sessionContext.channel}</channel><externalBatchNumber>${payload.doDedupCustomerSearch.sessionContext.externalBatchNumber}</externalBatchNumber><externalReferenceNo>${payload.doDedupCustomerSearch.sessionContext.externalReferenceNo}</externalReferenceNo><externalSystemAuditTrailNumber>${payload.doDedupCustomerSearch.sessionContext.externalSystemAuditTrailNumber}</externalSystemAuditTrailNumber><localDateTimeText>${payload.doDedupCustomerSearch.sessionContext.localDateTimeText}</localDateTimeText><originalReferenceNo>${payload.doDedupCustomerSearch.sessionContext.originalReferenceNo}</originalReferenceNo><overridenWarnings>${payload.doDedupCustomerSearch.sessionContext.overridenWarnings}</overridenWarnings><postingDateText>${payload.doDedupCustomerSearch.sessionContext.postingDateText}</postingDateText><reason><comment>${payload.doDedupCustomerSearch.sessionContext.reason.comment}</comment><reasonCode>${payload.doDedupCustomerSearch.sessionContext.reason.reasonCode}</reasonCode></reason><serviceCode>${payload.doDedupCustomerSearch.sessionContext.serviceCode}</serviceCode><sessionTicket>${payload.doDedupCustomerSearch.sessionContext.sessionTicket}</sessionTicket><supervisorContext><primaryPassword>${payload.doDedupCustomerSearch.sessionContext.supervisorContext.primaryPassword}</primaryPassword><userId>${payload.doDedupCustomerSearch.sessionContext.supervisorContext.userId}</userId></supervisorContext><transactionBranch>${payload.doDedupCustomerSearch.sessionContext.transactionBranch}</transactionBranch><userReferenceNumber>${payload.doDedupCustomerSearch.sessionContext.userReferenceNumber}</userReferenceNumber><valueDateText>${payload.doDedupCustomerSearch.sessionContext.valueDateText}</valueDateText></sessionContext><custIC>${payload.doDedupCustomerSearch.custIC}</custIC><lastName>${payload.doDedupCustomerSearch.lastName}</lastName><birthDate>${payload.doDedupCustomerSearch.birthDate}</birthDate></web:doDedupCustomerSearch></soapenv:Body>
</soapenv:Envelope>
]]></format>
                <args/>
            </payloadFactory>
            <property name="messageType" scope="axis2" type="STRING" value="application/soap+xml"/>
            <call>
                <endpoint key="LoansInquiry_SOAP_ENDPOINT"/>
            </call>
            <property name="messageType" scope="axis2" type="STRING" value="application/json"/>
            <respond/>
        </inSequence>
        <outSequence/>
        <faultSequence/>
    </resource>
    <resource methods="POST" url-mapping="/doAdvancedCustomerSearch">
        <inSequence>
            <property action="remove" name="REST_URL_POSTFIX" scope="axis2"/>
            <payloadFactory media-type="xml" template-type="freemarker">
                <format><![CDATA[<soapenv:Envelope xmlns:soapenv="http://www.w3.org/2003/05/soap-envelope">
<soapenv:Header/>
<soapenv:Body>
<web:doAdvancedCustomerSearch xmlns:web="http://spi.customer.app.fcr.iflex.com"><sessionContext><bankCode>${payload.doAdvancedCustomerSearch.sessionContext.bankCode}</bankCode><channel>${payload.doAdvancedCustomerSearch.sessionContext.channel}</channel><externalBatchNumber>${payload.doAdvancedCustomerSearch.sessionContext.externalBatchNumber}</externalBatchNumber><externalReferenceNo>${payload.doAdvancedCustomerSearch.sessionContext.externalReferenceNo}</externalReferenceNo><externalSystemAuditTrailNumber>${payload.doAdvancedCustomerSearch.sessionContext.externalSystemAuditTrailNumber}</externalSystemAuditTrailNumber><localDateTimeText>${payload.doAdvancedCustomerSearch.sessionContext.localDateTimeText}</localDateTimeText><originalReferenceNo>${payload.doAdvancedCustomerSearch.sessionContext.originalReferenceNo}</originalReferenceNo><overridenWarnings>${payload.doAdvancedCustomerSearch.sessionContext.overridenWarnings}</overridenWarnings><postingDateText>${payload.doAdvancedCustomerSearch.sessionContext.postingDateText}</postingDateText><reason><comment>${payload.doAdvancedCustomerSearch.sessionContext.reason.comment}</comment><reasonCode>${payload.doAdvancedCustomerSearch.sessionContext.reason.reasonCode}</reasonCode></reason><serviceCode>${payload.doAdvancedCustomerSearch.sessionContext.serviceCode}</serviceCode><sessionTicket>${payload.doAdvancedCustomerSearch.sessionContext.sessionTicket}</sessionTicket><supervisorContext><primaryPassword>${payload.doAdvancedCustomerSearch.sessionContext.supervisorContext.primaryPassword}</primaryPassword><userId>${payload.doAdvancedCustomerSearch.sessionContext.supervisorContext.userId}</userId></supervisorContext><transactionBranch>${payload.doAdvancedCustomerSearch.sessionContext.transactionBranch}</transactionBranch><userReferenceNumber>${payload.doAdvancedCustomerSearch.sessionContext.userReferenceNumber}</userReferenceNumber><valueDateText>${payload.doAdvancedCustomerSearch.sessionContext.valueDateText}</valueDateText></sessionContext><customerSearchCriteriaDTO><accountId>${payload.doAdvancedCustomerSearch.customerSearchCriteriaDTO.accountId}</accountId><birthDate>${payload.doAdvancedCustomerSearch.customerSearchCriteriaDTO.birthDate}</birthDate><cardNumber>${payload.doAdvancedCustomerSearch.customerSearchCriteriaDTO.cardNumber}</cardNumber><customerId>${payload.doAdvancedCustomerSearch.customerSearchCriteriaDTO.customerId}</customerId><extAcctNo>${payload.doAdvancedCustomerSearch.customerSearchCriteriaDTO.extAcctNo}</extAcctNo><firstName>${payload.doAdvancedCustomerSearch.customerSearchCriteriaDTO.firstName}</firstName><homePhoneNumber>${payload.doAdvancedCustomerSearch.customerSearchCriteriaDTO.homePhoneNumber}</homePhoneNumber><incorporatedDate>${payload.doAdvancedCustomerSearch.customerSearchCriteriaDTO.incorporatedDate}</incorporatedDate><lastName>${payload.doAdvancedCustomerSearch.customerSearchCriteriaDTO.lastName}</lastName><mobileNumber>${payload.doAdvancedCustomerSearch.customerSearchCriteriaDTO.mobileNumber}</mobileNumber><nationalId>${payload.doAdvancedCustomerSearch.customerSearchCriteriaDTO.nationalId}</nationalId><nlsName>${payload.doAdvancedCustomerSearch.customerSearchCriteriaDTO.nlsName}</nlsName><shortName>${payload.doAdvancedCustomerSearch.customerSearchCriteriaDTO.shortName}</shortName></customerSearchCriteriaDTO><pageInformation><pageNumber>${payload.doAdvancedCustomerSearch.pageInformation.pageNumber}</pageNumber><pageSize>${payload.doAdvancedCustomerSearch.pageInformation.pageSize}</pageSize></pageInformation></web:doAdvancedCustomerSearch></soapenv:Body>
</soapenv:Envelope>
]]></format>
                <args/>
            </payloadFactory>
            <property name="messageType" scope="axis2" type="STRING" value="application/soap+xml"/>
            <call>
                <endpoint key="LoansInquiry_SOAP_ENDPOINT"/>
            </call>
            <property name="messageType" scope="axis2" type="STRING" value="application/json"/>
            <respond/>
        </inSequence>
        <outSequence/>
        <faultSequence/>
    </resource>
    <resource methods="POST" url-mapping="/modifyCustomer">
        <inSequence>
            <property action="remove" name="REST_URL_POSTFIX" scope="axis2"/>
            <payloadFactory media-type="xml" template-type="freemarker">
                <format><![CDATA[<soapenv:Envelope xmlns:soapenv="http://www.w3.org/2003/05/soap-envelope">
<soapenv:Header/>
<soapenv:Body>
<web:modifyCustomer xmlns:web="http://spi.customer.app.fcr.iflex.com"><sessionContext><bankCode>${payload.modifyCustomer.sessionContext.bankCode}</bankCode><channel>${payload.modifyCustomer.sessionContext.channel}</channel><externalBatchNumber>${payload.modifyCustomer.sessionContext.externalBatchNumber}</externalBatchNumber><externalReferenceNo>${payload.modifyCustomer.sessionContext.externalReferenceNo}</externalReferenceNo><externalSystemAuditTrailNumber>${payload.modifyCustomer.sessionContext.externalSystemAuditTrailNumber}</externalSystemAuditTrailNumber><localDateTimeText>${payload.modifyCustomer.sessionContext.localDateTimeText}</localDateTimeText><originalReferenceNo>${payload.modifyCustomer.sessionContext.originalReferenceNo}</originalReferenceNo><overridenWarnings>${payload.modifyCustomer.sessionContext.overridenWarnings}</overridenWarnings><postingDateText>${payload.modifyCustomer.sessionContext.postingDateText}</postingDateText><reason><comment>${payload.modifyCustomer.sessionContext.reason.comment}</comment><reasonCode>${payload.modifyCustomer.sessionContext.reason.reasonCode}</reasonCode></reason><serviceCode>${payload.modifyCustomer.sessionContext.serviceCode}</serviceCode><sessionTicket>${payload.modifyCustomer.sessionContext.sessionTicket}</sessionTicket><supervisorContext><primaryPassword>${payload.modifyCustomer.sessionContext.supervisorContext.primaryPassword}</primaryPassword><userId>${payload.modifyCustomer.sessionContext.supervisorContext.userId}</userId></supervisorContext><transactionBranch>${payload.modifyCustomer.sessionContext.transactionBranch}</transactionBranch><userReferenceNumber>${payload.modifyCustomer.sessionContext.userReferenceNumber}</userReferenceNumber><valueDateText>${payload.modifyCustomer.sessionContext.valueDateText}</valueDateText></sessionContext><customerMaintenanceDTO><ageOfRetirement>${payload.modifyCustomer.customerMaintenanceDTO.ageOfRetirement}</ageOfRetirement><amlRiskRating>${payload.modifyCustomer.customerMaintenanceDTO.amlRiskRating}</amlRiskRating><brnIssue>${payload.modifyCustomer.customerMaintenanceDTO.brnIssue}</brnIssue><businessCodeCategory>${payload.modifyCustomer.customerMaintenanceDTO.businessCodeCategory}</businessCodeCategory><countryOfResidence>${payload.modifyCustomer.customerMaintenanceDTO.countryOfResidence}</countryOfResidence><customerEducation>${payload.modifyCustomer.customerMaintenanceDTO.customerEducation}</customerEducation><customerId>${payload.modifyCustomer.customerMaintenanceDTO.customerId}</customerId><customerMobilePhone>${payload.modifyCustomer.customerMaintenanceDTO.customerMobilePhone}</customerMobilePhone><datCIV>${payload.modifyCustomer.customerMaintenanceDTO.datCIV}</datCIV><datIssueId>${payload.modifyCustomer.customerMaintenanceDTO.datIssueId}</datIssueId><dateOfBirthOrRegistration>${payload.modifyCustomer.customerMaintenanceDTO.dateOfBirthOrRegistration}</dateOfBirthOrRegistration><designation>${payload.modifyCustomer.customerMaintenanceDTO.designation}</designation><emailId>${payload.modifyCustomer.customerMaintenanceDTO.emailId}</emailId><employeeId>${payload.modifyCustomer.customerMaintenanceDTO.employeeId}</employeeId><employerAddress><city>${payload.modifyCustomer.customerMaintenanceDTO.employerAddress.city}</city><country>${payload.modifyCustomer.customerMaintenanceDTO.employerAddress.country}</country><line1>${payload.modifyCustomer.customerMaintenanceDTO.employerAddress.line1}</line1><line2>${payload.modifyCustomer.customerMaintenanceDTO.employerAddress.line2}</line2><line3>${payload.modifyCustomer.customerMaintenanceDTO.employerAddress.line3}</line3><state>${payload.modifyCustomer.customerMaintenanceDTO.employerAddress.state}</state><zip>${payload.modifyCustomer.customerMaintenanceDTO.employerAddress.zip}</zip></employerAddress><employerEmailId>${payload.modifyCustomer.customerMaintenanceDTO.employerEmailId}</employerEmailId><employerFaxNo>${payload.modifyCustomer.customerMaintenanceDTO.employerFaxNo}</employerFaxNo><employerMobileNo>${payload.modifyCustomer.customerMaintenanceDTO.employerMobileNo}</employerMobileNo><employerName>${payload.modifyCustomer.customerMaintenanceDTO.employerName}</employerName><employerPhoneNo>${payload.modifyCustomer.customerMaintenanceDTO.employerPhoneNo}</employerPhoneNo><employerTelex>${payload.modifyCustomer.customerMaintenanceDTO.employerTelex}</employerTelex><fax>${payload.modifyCustomer.customerMaintenanceDTO.fax}</fax><flgInterTransaction>${payload.modifyCustomer.customerMaintenanceDTO.flgInterTransaction}</flgInterTransaction><flgPep>${payload.modifyCustomer.customerMaintenanceDTO.flgPep}</flgPep><incomeSlabCode>${payload.modifyCustomer.customerMaintenanceDTO.incomeSlabCode}</incomeSlabCode><incomeTaxNo>${payload.modifyCustomer.customerMaintenanceDTO.incomeTaxNo}</incomeTaxNo><isStaff>${payload.modifyCustomer.customerMaintenanceDTO.isStaff}</isStaff><issueAuthId>${payload.modifyCustomer.customerMaintenanceDTO.issueAuthId}</issueAuthId><language>${payload.modifyCustomer.customerMaintenanceDTO.language}</language><mailingAddress/><maritalStatus>${payload.modifyCustomer.customerMaintenanceDTO.maritalStatus}</maritalStatus><misDetails><item ARRAY_PLACEHOLDER="payload.modifyCustomer.customerMaintenanceDTO.misDetails.item"><code>${item.code}</code><type>${item.type}</type></item></misDetails><nationality>${payload.modifyCustomer.customerMaintenanceDTO.nationality}</nationality><noOfYearsInJob>${payload.modifyCustomer.customerMaintenanceDTO.noOfYearsInJob}</noOfYearsInJob><occupation>${payload.modifyCustomer.customerMaintenanceDTO.occupation}</occupation><officePhoneNo>${payload.modifyCustomer.customerMaintenanceDTO.officePhoneNo}</officePhoneNo><origin>${payload.modifyCustomer.customerMaintenanceDTO.origin}</origin><permanentAddress/><phone>${payload.modifyCustomer.customerMaintenanceDTO.phone}</phone><placeOfBirth>${payload.modifyCustomer.customerMaintenanceDTO.placeOfBirth}</placeOfBirth><prefix>${payload.modifyCustomer.customerMaintenanceDTO.prefix}</prefix><professionCode>${payload.modifyCustomer.customerMaintenanceDTO.professionCode}</professionCode><sex>${payload.modifyCustomer.customerMaintenanceDTO.sex}</sex><signatureType>${payload.modifyCustomer.customerMaintenanceDTO.signatureType}</signatureType><sourceOfFunds>${payload.modifyCustomer.customerMaintenanceDTO.sourceOfFunds}</sourceOfFunds><dataDeletion>${payload.modifyCustomer.customerMaintenanceDTO.dataDeletion}</dataDeletion><marketingOptOut>${payload.modifyCustomer.customerMaintenanceDTO.marketingOptOut}</marketingOptOut><marketingOptOutEmail>${payload.modifyCustomer.customerMaintenanceDTO.marketingOptOutEmail}</marketingOptOutEmail><marketingOptOutMail>${payload.modifyCustomer.customerMaintenanceDTO.marketingOptOutMail}</marketingOptOutMail><marketingOptOutPhone>${payload.modifyCustomer.customerMaintenanceDTO.marketingOptOutPhone}</marketingOptOutPhone><marketingOptOutSMS>${payload.modifyCustomer.customerMaintenanceDTO.marketingOptOutSMS}</marketingOptOutSMS><objectionToProcessing>${payload.modifyCustomer.customerMaintenanceDTO.objectionToProcessing}</objectionToProcessing><objectionToProfiling>${payload.modifyCustomer.customerMaintenanceDTO.objectionToProfiling}</objectionToProfiling><preferedContact>${payload.modifyCustomer.customerMaintenanceDTO.preferedContact}</preferedContact><updateCorrectionOfData>${payload.modifyCustomer.customerMaintenanceDTO.updateCorrectionOfData}</updateCorrectionOfData></customerMaintenanceDTO></web:modifyCustomer></soapenv:Body>
</soapenv:Envelope>
]]></format>
                <args/>
            </payloadFactory>
            <property name="messageType" scope="axis2" type="STRING" value="application/soap+xml"/>
            <call>
                <endpoint key="LoansInquiry_SOAP_ENDPOINT"/>
            </call>
            <property name="messageType" scope="axis2" type="STRING" value="application/json"/>
            <respond/>
        </inSequence>
        <outSequence/>
        <faultSequence/>
    </resource>
    <resource methods="POST" url-mapping="/listCASAAccountsOfCustomerAUS">
        <inSequence>
            <property action="remove" name="REST_URL_POSTFIX" scope="axis2"/>
            <payloadFactory media-type="xml" template-type="freemarker">
                <format><![CDATA[<soapenv:Envelope xmlns:soapenv="http://www.w3.org/2003/05/soap-envelope">
<soapenv:Header/>
<soapenv:Body>
<web:listCASAAccountsOfCustomerAUS xmlns:web="http://spi.customer.app.fcr.iflex.com"><sessionContext><bankCode>${payload.listCASAAccountsOfCustomerAUS.sessionContext.bankCode}</bankCode><channel>${payload.listCASAAccountsOfCustomerAUS.sessionContext.channel}</channel><externalBatchNumber>${payload.listCASAAccountsOfCustomerAUS.sessionContext.externalBatchNumber}</externalBatchNumber><externalReferenceNo>${payload.listCASAAccountsOfCustomerAUS.sessionContext.externalReferenceNo}</externalReferenceNo><externalSystemAuditTrailNumber>${payload.listCASAAccountsOfCustomerAUS.sessionContext.externalSystemAuditTrailNumber}</externalSystemAuditTrailNumber><localDateTimeText>${payload.listCASAAccountsOfCustomerAUS.sessionContext.localDateTimeText}</localDateTimeText><originalReferenceNo>${payload.listCASAAccountsOfCustomerAUS.sessionContext.originalReferenceNo}</originalReferenceNo><overridenWarnings>${payload.listCASAAccountsOfCustomerAUS.sessionContext.overridenWarnings}</overridenWarnings><postingDateText>${payload.listCASAAccountsOfCustomerAUS.sessionContext.postingDateText}</postingDateText><reason><comment>${payload.listCASAAccountsOfCustomerAUS.sessionContext.reason.comment}</comment><reasonCode>${payload.listCASAAccountsOfCustomerAUS.sessionContext.reason.reasonCode}</reasonCode></reason><serviceCode>${payload.listCASAAccountsOfCustomerAUS.sessionContext.serviceCode}</serviceCode><sessionTicket>${payload.listCASAAccountsOfCustomerAUS.sessionContext.sessionTicket}</sessionTicket><supervisorContext><primaryPassword>${payload.listCASAAccountsOfCustomerAUS.sessionContext.supervisorContext.primaryPassword}</primaryPassword><userId>${payload.listCASAAccountsOfCustomerAUS.sessionContext.supervisorContext.userId}</userId></supervisorContext><transactionBranch>${payload.listCASAAccountsOfCustomerAUS.sessionContext.transactionBranch}</transactionBranch><userReferenceNumber>${payload.listCASAAccountsOfCustomerAUS.sessionContext.userReferenceNumber}</userReferenceNumber><valueDateText>${payload.listCASAAccountsOfCustomerAUS.sessionContext.valueDateText}</valueDateText></sessionContext><entityCIF>${payload.listCASAAccountsOfCustomerAUS.entityCIF}</entityCIF><ausCIF>${payload.listCASAAccountsOfCustomerAUS.ausCIF}</ausCIF></web:listCASAAccountsOfCustomerAUS></soapenv:Body>
</soapenv:Envelope>
]]></format>
                <args/>
            </payloadFactory>
            <property name="messageType" scope="axis2" type="STRING" value="application/soap+xml"/>
            <call>
                <endpoint key="LoansInquiry_SOAP_ENDPOINT"/>
            </call>
            <property name="messageType" scope="axis2" type="STRING" value="application/json"/>
            <respond/>
        </inSequence>
        <outSequence/>
        <faultSequence/>
    </resource>
    <resource methods="POST" url-mapping="/addCustomer">
        <inSequence>
            <property action="remove" name="REST_URL_POSTFIX" scope="axis2"/>
            <payloadFactory media-type="xml" template-type="freemarker">
                <format><![CDATA[<soapenv:Envelope xmlns:soapenv="http://www.w3.org/2003/05/soap-envelope">
<soapenv:Header/>
<soapenv:Body>
<web:addCustomer xmlns:web="http://spi.customer.app.fcr.iflex.com"><sessionContext><bankCode>${payload.addCustomer.sessionContext.bankCode}</bankCode><channel>${payload.addCustomer.sessionContext.channel}</channel><externalBatchNumber>${payload.addCustomer.sessionContext.externalBatchNumber}</externalBatchNumber><externalReferenceNo>${payload.addCustomer.sessionContext.externalReferenceNo}</externalReferenceNo><externalSystemAuditTrailNumber>${payload.addCustomer.sessionContext.externalSystemAuditTrailNumber}</externalSystemAuditTrailNumber><localDateTimeText>${payload.addCustomer.sessionContext.localDateTimeText}</localDateTimeText><originalReferenceNo>${payload.addCustomer.sessionContext.originalReferenceNo}</originalReferenceNo><overridenWarnings>${payload.addCustomer.sessionContext.overridenWarnings}</overridenWarnings><postingDateText>${payload.addCustomer.sessionContext.postingDateText}</postingDateText><reason><comment>${payload.addCustomer.sessionContext.reason.comment}</comment><reasonCode>${payload.addCustomer.sessionContext.reason.reasonCode}</reasonCode></reason><serviceCode>${payload.addCustomer.sessionContext.serviceCode}</serviceCode><sessionTicket>${payload.addCustomer.sessionContext.sessionTicket}</sessionTicket><supervisorContext><primaryPassword>${payload.addCustomer.sessionContext.supervisorContext.primaryPassword}</primaryPassword><userId>${payload.addCustomer.sessionContext.supervisorContext.userId}</userId></supervisorContext><transactionBranch>${payload.addCustomer.sessionContext.transactionBranch}</transactionBranch><userReferenceNumber>${payload.addCustomer.sessionContext.userReferenceNumber}</userReferenceNumber><valueDateText>${payload.addCustomer.sessionContext.valueDateText}</valueDateText></sessionContext><customerDetailsDTO><ageOfRetirement>${payload.addCustomer.customerDetailsDTO.ageOfRetirement}</ageOfRetirement><amlRiskRating>${payload.addCustomer.customerDetailsDTO.amlRiskRating}</amlRiskRating><brnIssue>${payload.addCustomer.customerDetailsDTO.brnIssue}</brnIssue><businessCodeCategory>${payload.addCustomer.customerDetailsDTO.businessCodeCategory}</businessCodeCategory><category>${payload.addCustomer.customerDetailsDTO.category}</category><countryOfResidence>${payload.addCustomer.customerDetailsDTO.countryOfResidence}</countryOfResidence><customerEducation>${payload.addCustomer.customerDetailsDTO.customerEducation}</customerEducation><customerMobilePhone>${payload.addCustomer.customerDetailsDTO.customerMobilePhone}</customerMobilePhone><datCIV>${payload.addCustomer.customerDetailsDTO.datCIV}</datCIV><datIssueId>${payload.addCustomer.customerDetailsDTO.datIssueId}</datIssueId><dateOfBirthOrRegistration>${payload.addCustomer.customerDetailsDTO.dateOfBirthOrRegistration}</dateOfBirthOrRegistration><designation>${payload.addCustomer.customerDetailsDTO.designation}</designation><emailId>${payload.addCustomer.customerDetailsDTO.emailId}</emailId><employeeId>${payload.addCustomer.customerDetailsDTO.employeeId}</employeeId><employerAddress><city>${payload.addCustomer.customerDetailsDTO.employerAddress.city}</city><country>${payload.addCustomer.customerDetailsDTO.employerAddress.country}</country><line1>${payload.addCustomer.customerDetailsDTO.employerAddress.line1}</line1><line2>${payload.addCustomer.customerDetailsDTO.employerAddress.line2}</line2><line3>${payload.addCustomer.customerDetailsDTO.employerAddress.line3}</line3><state>${payload.addCustomer.customerDetailsDTO.employerAddress.state}</state><zip>${payload.addCustomer.customerDetailsDTO.employerAddress.zip}</zip></employerAddress><employerEmailId>${payload.addCustomer.customerDetailsDTO.employerEmailId}</employerEmailId><employerFaxNo>${payload.addCustomer.customerDetailsDTO.employerFaxNo}</employerFaxNo><employerMobileNo>${payload.addCustomer.customerDetailsDTO.employerMobileNo}</employerMobileNo><employerName>${payload.addCustomer.customerDetailsDTO.employerName}</employerName><employerPhoneNo>${payload.addCustomer.customerDetailsDTO.employerPhoneNo}</employerPhoneNo><employerTelex>${payload.addCustomer.customerDetailsDTO.employerTelex}</employerTelex><fax>${payload.addCustomer.customerDetailsDTO.fax}</fax><flgInterTransaction>${payload.addCustomer.customerDetailsDTO.flgInterTransaction}</flgInterTransaction><flgPep>${payload.addCustomer.customerDetailsDTO.flgPep}</flgPep><homeBranchCode>${payload.addCustomer.customerDetailsDTO.homeBranchCode}</homeBranchCode><icType>${payload.addCustomer.customerDetailsDTO.icType}</icType><incomeSlabCode>${payload.addCustomer.customerDetailsDTO.incomeSlabCode}</incomeSlabCode><incomeTaxNo>${payload.addCustomer.customerDetailsDTO.incomeTaxNo}</incomeTaxNo><isStaff>${payload.addCustomer.customerDetailsDTO.isStaff}</isStaff><issueAuthId>${payload.addCustomer.customerDetailsDTO.issueAuthId}</issueAuthId><language>${payload.addCustomer.customerDetailsDTO.language}</language><mailingAddress/><maritalStatus>${payload.addCustomer.customerDetailsDTO.maritalStatus}</maritalStatus><misDetails><item ARRAY_PLACEHOLDER="payload.addCustomer.customerDetailsDTO.misDetails.item"><code>${item.code}</code><type>${item.type}</type></item></misDetails><name><firstName>${payload.addCustomer.customerDetailsDTO.name.firstName}</firstName><formattedFullName>${payload.addCustomer.customerDetailsDTO.name.formattedFullName}</formattedFullName><fullName>${payload.addCustomer.customerDetailsDTO.name.fullName}</fullName><lastName>${payload.addCustomer.customerDetailsDTO.name.lastName}</lastName><midName>${payload.addCustomer.customerDetailsDTO.name.midName}</midName><prefix>${payload.addCustomer.customerDetailsDTO.name.prefix}</prefix><shortName>${payload.addCustomer.customerDetailsDTO.name.shortName}</shortName></name><nationalIdentificationCode>${payload.addCustomer.customerDetailsDTO.nationalIdentificationCode}</nationalIdentificationCode><nationality>${payload.addCustomer.customerDetailsDTO.nationality}</nationality><noOfYearsInJob>${payload.addCustomer.customerDetailsDTO.noOfYearsInJob}</noOfYearsInJob><occupation>${payload.addCustomer.customerDetailsDTO.occupation}</occupation><officePhoneNo>${payload.addCustomer.customerDetailsDTO.officePhoneNo}</officePhoneNo><origin>${payload.addCustomer.customerDetailsDTO.origin}</origin><permanentAddress/><phone>${payload.addCustomer.customerDetailsDTO.phone}</phone><placeOfBirth>${payload.addCustomer.customerDetailsDTO.placeOfBirth}</placeOfBirth><professionCode>${payload.addCustomer.customerDetailsDTO.professionCode}</professionCode><relation>${payload.addCustomer.customerDetailsDTO.relation}</relation><sex>${payload.addCustomer.customerDetailsDTO.sex}</sex><signatureType>${payload.addCustomer.customerDetailsDTO.signatureType}</signatureType><sourceOfFunds>${payload.addCustomer.customerDetailsDTO.sourceOfFunds}</sourceOfFunds><marketingOptOut>${payload.addCustomer.customerDetailsDTO.marketingOptOut}</marketingOptOut><marketingOptOutEmail>${payload.addCustomer.customerDetailsDTO.marketingOptOutEmail}</marketingOptOutEmail><marketingOptOutMail>${payload.addCustomer.customerDetailsDTO.marketingOptOutMail}</marketingOptOutMail><marketingOptOutPhone>${payload.addCustomer.customerDetailsDTO.marketingOptOutPhone}</marketingOptOutPhone><marketingOptOutSMS>${payload.addCustomer.customerDetailsDTO.marketingOptOutSMS}</marketingOptOutSMS><objectionToProcessing>${payload.addCustomer.customerDetailsDTO.objectionToProcessing}</objectionToProcessing><objectionToProfiling>${payload.addCustomer.customerDetailsDTO.objectionToProfiling}</objectionToProfiling><preferedContact>${payload.addCustomer.customerDetailsDTO.preferedContact}</preferedContact></customerDetailsDTO><kycDetails><currentRiskLevel>${payload.addCustomer.kycDetails.currentRiskLevel}</currentRiskLevel><manualKYCCompliant>${payload.addCustomer.kycDetails.manualKYCCompliant}</manualKYCCompliant><numberOfAccounts><noOfCurrentAccount>${payload.addCustomer.kycDetails.numberOfAccounts.noOfCurrentAccount}</noOfCurrentAccount><noOfInsuranceAccount>${payload.addCustomer.kycDetails.numberOfAccounts.noOfInsuranceAccount}</noOfInsuranceAccount><noOfInvestmentAccount>${payload.addCustomer.kycDetails.numberOfAccounts.noOfInvestmentAccount}</noOfInvestmentAccount><noOfNonSecureLoanAccount>${payload.addCustomer.kycDetails.numberOfAccounts.noOfNonSecureLoanAccount}</noOfNonSecureLoanAccount><noOfSavingsAccount>${payload.addCustomer.kycDetails.numberOfAccounts.noOfSavingsAccount}</noOfSavingsAccount><noOfSecureLoanAccount>${payload.addCustomer.kycDetails.numberOfAccounts.noOfSecureLoanAccount}</noOfSecureLoanAccount><noOfTermDepositAccount>${payload.addCustomer.kycDetails.numberOfAccounts.noOfTermDepositAccount}</noOfTermDepositAccount></numberOfAccounts><sysKYCCompliant>${payload.addCustomer.kycDetails.sysKYCCompliant}</sysKYCCompliant></kycDetails></web:addCustomer></soapenv:Body>
</soapenv:Envelope>
]]></format>
                <args/>
            </payloadFactory>
            <property name="messageType" scope="axis2" type="STRING" value="application/soap+xml"/>
            <call>
                <endpoint key="LoansInquiry_SOAP_ENDPOINT"/>
            </call>
            <property name="messageType" scope="axis2" type="STRING" value="application/json"/>
            <respond/>
        </inSequence>
        <outSequence/>
        <faultSequence/>
    </resource>
</api>
